"Anno di Riferimento";"Codice Voce Contabile";"Descrizione Voce Contabile";"Data Aggiornamento";"Importo Totale"
"2022";"AA0010";"A.1) Contributi in c/esercizio";"27/02/2024";"127128814746.34"
"2022";"AA0020";"A.1.A) Contributi da Regione o Prov. Aut. per quota F.S. regionale";"27/02/2024";"123102979150.93"
"2022";"AA0030";"A.1.A.1) da Regione o Prov. Aut. per quota F.S. regionale indistinto";"27/02/2024";"118711874839.99"
"2022";"AA0031";"A.1.A.1.1) Finanziamento indistinto";"27/02/2024";"109009055586.09"
"2022";"AA0032";"A.1.A.1.2) Finanziamento indistinto finalizzato da Regione";"27/02/2024";"3893326583.39"
"2022";"AA0033";"A.1.A.1.3) Funzioni";"27/02/2024";"5809492670.51"
"2022";"AA0034";"A.1.A.1.3.A) Funzioni - Pronto Soccorso";"27/02/2024";"2014956572.39"
"2022";"AA0035";"A.1.A.1.3.B) Funzioni - Altro";"27/02/2024";"3794536098.12"
"2022";"AA0040";"A.1.A.2) da Regione o Prov. Aut. per quota F.S. regionale vincolato";"27/02/2024";"4391104310.94"
"2022";"AA0050";"A.1.B) Contributi c/esercizio (extra fondo)";"27/02/2024";"3666051589.37"
"2022";"AA0060";"A.1.B.1) da Regione o Prov. Aut. (extra fondo)";"27/02/2024";"1547674755.89"
"2022";"AA0070";"A.1.B.1.1) Contributi da Regione o Prov. Aut. (extra fondo) vincolati";"27/02/2024";"563374423.46"
"2022";"AA0080";"A.1.B.1.2) Contributi da Regione o Prov. Aut. (extra fondo) - Risorse aggiuntive da bilancio regionale a titolo di copertura LEA";"27/02/2024";"562826397.81"
"2022";"AA0090";"A.1.B.1.3) Contributi da Regione o Prov. Aut. (extra fondo) - Risorse aggiuntive da bilancio regionale a titolo di copertura extra LEA";"18/01/2024";"286491547.60"
"2022";"AA0100";"A.1.B.1.4) Contributi da Regione o Prov. Aut. (extra fondo) - Altro";"16/01/2024";"134982387.02"
"2022";"AA0140";"A.1.B.3) Contributi da Ministero della Salute e da altri soggetti pubblici (extra fondo)";"27/02/2024";"2118376833.48"
"2022";"AA0141";"A.1.B.3.1) Contributi da Ministero della Salute (extra fondo)";"27/02/2024";"293277156.75"
"2022";"AA0150";"A.1.B.3.2) Contributi da altri soggetti pubblici (extra fondo) vincolati";"27/02/2024";"1352342793.24"
"2022";"AA0160";"A.1.B.3.3) Contributi da altri soggetti pubblici (extra fondo) L. 210/92";"18/01/2024";"80009256.48"
"2022";"AA0170";"A.1.B.3.4) Contributi da altri soggetti pubblici (extra fondo) altro";"27/02/2024";"388915758.54"
"2022";"AA0171";"A.1.B.3.5) Contributi da altri soggetti pubblici (extra fondo) - in attuazione dell'art. 79, comma 1 sexies lettera c), del D.L. 112/2008, convertito con legge 133/2008 e della legge 23 dicembre 2009 n. 191";"16/01/2024";"3831868.47"
"2022";"AA0180";"A.1.C) Contributi c/esercizio per ricerca";"27/02/2024";"285072788.67"
"2022";"AA0190";"A.1.C.1) Contributi da Ministero della Salute per ricerca corrente";"27/02/2024";"131219518.20"
"2022";"AA0200";"A.1.C.2) Contributi da Ministero della Salute per ricerca finalizzata";"27/02/2024";"55233333.44"
"2022";"AA0210";"A.1.C.3) Contributi da Regione ed altri soggetti pubblici per ricerca";"27/02/2024";"52070650.46"
"2022";"AA0220";"A.1.C.4) Contributi da privati per ricerca";"27/02/2024";"46549286.57"
"2022";"AA0230";"A.1.D) Contributi c/esercizio da privati";"27/02/2024";"74711217.37"
"2022";"AA0240";"A.2) Rettifica contributi c/esercizio per destinazione ad investimenti";"27/02/2024";"-681604087.00"
"2022";"AA0250";"A.2.A) Rettifica contributi in c/esercizio per destinazione ad investimenti - da Regione o Prov. Aut. per quota F.S. regionale";"27/02/2024";"-666362861.88"
"2022";"AA0260";"A.2.B) Rettifica contributi in c/esercizio per destinazione ad investimenti - altri contributi";"27/02/2024";"-15241225.12"
"2022";"AA0270";"A.3) Utilizzo fondi per quote inutilizzate contributi finalizzati e vincolati di esercizi precedenti";"27/02/2024";"1619164043.95"
"2022";"AA0271";"A.3.A) Utilizzo fondi per quote inutilizzate contributi di esercizi precedenti da Regione o Prov. Aut. per quota F.S. regionale indistinto finalizzato";"27/02/2024";"763309547.43"
"2022";"AA0280";"A.3.B) Utilizzo fondi per quote inutilizzate contributi di esercizi precedenti da Regione o Prov. Aut. per quota F.S. regionale vincolato";"27/02/2024";"453642231.82"
"2022";"AA0290";"A.3.C) Utilizzo fondi per quote inutilizzate contributi di esercizi precedenti da soggetti pubblici (extra fondo) vincolati";"27/02/2024";"228569145.47"
"2022";"AA0300";"A.3.D) Utilizzo fondi per quote inutilizzate contributi di esercizi precedenti per ricerca";"27/02/2024";"107991856.94"
"2022";"AA0310";"A.3.E) Utilizzo fondi per quote inutilizzate contributi vincolati di esercizi precedenti da privati";"27/02/2024";"65651262.29"
"2022";"AA0320";"A.4) Ricavi per prestazioni sanitarie e sociosanitarie a rilevanza sanitaria";"27/02/2024";"5122613279.38"
"2022";"AA0330";"A.4.A) Ricavi per prestazioni sanitarie e sociosanitarie a rilevanza sanitaria erogate a soggetti pubblici";"27/02/2024";"2123841521.40"
"2022";"AA0440";"A.4.A.2) Ricavi per prestaz. sanitarie e sociosanitarie a rilevanza sanitaria erogate ad altri soggetti pubblici";"27/02/2024";"28285273.58"
"2022";"AA0450";"A.4.A.3) Ricavi per prestaz. sanitarie e sociosanitarie a rilevanza sanitaria erogate a soggetti pubblici Extraregione";"27/02/2024";"2095556247.82"
"2022";"AA0460";"A.4.A.3.1) Prestazioni di ricovero";"27/02/2024";"1109061614.38"
"2022";"AA0470";"A.4.A.3.2) Prestazioni ambulatoriali";"27/02/2024";"304479371.29"
"2022";"AA0471";"A.4.A.3.3) Prestazioni pronto soccorso non seguite da ricovero";"27/02/2024";"31245123.71"
"2022";"AA0480";"A.4.A.3.4) Prestazioni di psichiatria non soggetta a compensazione (resid. e semiresid.)";"27/02/2024";"2675648.20"
"2022";"AA0490";"A.4.A.3.5) Prestazioni di File F";"27/02/2024";"278947908.23"
"2022";"AA0500";"A.4.A.3.6) Prestazioni servizi MMG, PLS, Contin. assistenziale Extraregione";"27/02/2024";"23085231.15"
"2022";"AA0510";"A.4.A.3.7) Prestazioni servizi farmaceutica convenzionata Extraregione";"27/02/2024";"61205781.64"
"2022";"AA0520";"A.4.A.3.8) Prestazioni termali Extraregione";"27/02/2024";"9656053.70"
"2022";"AA0530";"A.4.A.3.9) Prestazioni trasporto ambulanze ed elisoccorso Extraregione";"27/02/2024";"31442091.49"
"2022";"AA0541";"A.4.A.3.10) Prestazioni assistenza integrativa da pubblico (extraregione)";"27/02/2024";"71887.69"
"2022";"AA0542";"A.4.A.3.11) Prestazioni assistenza protesica da pubblico (extraregione)";"18/12/2023";"78131.24"
"2022";"AA0550";"A.4.A.3.12) Ricavi per cessione di emocomponenti e cellule staminali Extraregione";"18/01/2024";"39905133.39"
"2022";"AA0560";"A.4.A.3.13) Ricavi GSA per differenziale saldo mobilita' interregionale";"16/01/2024";"41260203.18"
"2022";"AA0561";"A.4.A.3.14) Altre prestazioni sanitarie e sociosanitarie a rilevanza sanitaria erogate a soggetti pubblici Extraregione";"27/02/2024";"8571135.16"
"2022";"AA0570";"A.4.A.3.15) Altre prestazioni sanitarie e sociosanitarie a rilevanza sanitaria non soggette a compensazione Extraregione";"27/02/2024";"26894341.00"
"2022";"AA0580";"A.4.A.3.15.A) Prestazioni di assistenza riabilitativa non soggette a compensazione Extraregione";"18/01/2024";"614484.25"
"2022";"AA0590";"A.4.A.3.15.B) Altre prestazioni sanitarie e socio-sanitarie a rilevanza sanitaria non soggette a compensazione Extraregione";"27/02/2024";"26279856.75"
"2022";"AA0600";"A.4.A.3.16) Altre prestazioni sanitarie a rilevanza sanitaria - Mobilita' attiva Internazionale";"27/02/2024";"126760741.37"
"2022";"AA0602";"A.4.A.3.18) Altre prestazioni sanitarie e sociosanitarie a rilevanza sanitaria ad Aziende sanitarie e casse mutua estera - (fatturate direttamente)";"28/07/2023";"215851.00"
"2022";"AA0610";"A.4.B) Ricavi per prestazioni sanitarie e sociosanitarie a rilevanza sanitaria erogate da privati v/residenti Extraregione in compensazione (mobilita' attiva)";"27/02/2024";"1330435634.30"
"2022";"AA0620";"A.4.B.1) Prestazioni di ricovero da priv. Extraregione in compensazione (mobilita' attiva)";"27/02/2024";"1080882378.03"
"2022";"AA0630";"A.4.B.2) Prestazioni ambulatoriali da priv. Extraregione in compensazione (mobilita' attiva)";"27/02/2024";"191488236.18"
"2022";"AA0631";"A.4.B.3) Prestazioni di pronto soccorso non seguite da ricovero da priv. Extraregione in compensazione (mobilita' attiva)";"06/07/2023";"1504770.49"
"2022";"AA0640";"A.4.B.4) Prestazioni di File F da priv. Extraregione in compensazione (mobilita' attiva)";"27/02/2024";"30453728.48"
"2022";"AA0650";"A.4.B.5) Altre prestazioni sanitarie e sociosanitarie a rilevanza sanitaria erogate da privati v/residenti Extraregione in compensazione (mobilita' attiva)";"18/12/2023";"26106521.12"
"2022";"AA0660";"A.4.C) Ricavi per prestazioni sanitarie e sociosanitarie a rilevanza sanitaria erogate a privati";"27/02/2024";"490978440.96"
"2022";"AA0670";"A.4.D) Ricavi per prestazioni sanitarie erogate in regime di intramoenia";"27/02/2024";"1177357682.72"
"2022";"AA0680";"A.4.D.1) Ricavi per prestazioni sanitarie intramoenia - Area ospedaliera";"27/02/2024";"229345048.60"
"2022";"AA0690";"A.4.D.2) Ricavi per prestazioni sanitarie intramoenia - Area specialistica";"27/02/2024";"808990540.01"
"2022";"AA0700";"A.4.D.3) Ricavi per prestazioni sanitarie intramoenia - Area sanita' pubblica";"27/02/2024";"6049601.31"
"2022";"AA0710";"A.4.D.4) Ricavi per prestazioni sanitarie intramoenia - Consulenze (ex art. 55 c.1 lett. c), d) ed ex art. 57-58)";"27/02/2024";"106987030.49"
"2022";"AA0730";"A.4.D.6) Ricavi per prestazioni sanitarie intramoenia - Altro";"27/02/2024";"25985462.31"
"2022";"AA0750";"A.5) Concorsi, recuperi e rimborsi";"27/02/2024";"3794549240.50"
"2022";"AA0760";"A.5.A) Rimborsi assicurativi";"27/02/2024";"46793283.49"
"2022";"AA0770";"A.5.B) Concorsi, recuperi e rimborsi da Regione";"27/02/2024";"26707574.31"
"2022";"AA0780";"A.5.B.1) Rimborso degli oneri stipendiali del personale dell'azienda in posizione di comando presso la Regione";"27/02/2024";"15862278.93"
"2022";"AA0790";"A.5.B.2) Altri concorsi, recuperi e rimborsi da parte della Regione";"27/02/2024";"10845295.38"
"2022";"AA0840";"A.5.D) Concorsi, recuperi e rimborsi da altri soggetti pubblici";"27/02/2024";"219359259.82"
"2022";"AA0850";"A.5.D.1) Rimborso degli oneri stipendiali del personale dipendente dell'azienda in posizione di comando presso altri soggetti pubblici";"27/02/2024";"50576173.94"
"2022";"AA0860";"A.5.D.2) Rimborsi per acquisto beni da parte di altri soggetti pubblici";"27/02/2024";"27928918.55"
"2022";"AA0870";"A.5.D.3) Altri concorsi, recuperi e rimborsi da parte di altri soggetti pubblici";"27/02/2024";"140854167.33"
"2022";"AA0880";"A.5.E) Concorsi, recuperi e rimborsi da privati";"27/02/2024";"3501689122.88"
"2022";"AA0890";"A.5.E.1) Rimborso da aziende farmaceutiche per Pay back";"27/02/2024";"2258457504.86"
"2022";"AA0910";"A.5.E.1.2) Pay-back per superamento del tetto della spesa farmaceutica ospedaliera";"27/02/2024";"1825684589.76"
"2022";"AA0920";"A.5.E.1.3) Ulteriore Pay-back";"27/02/2024";"432772915.10"
"2022";"AA0921";"A.5.E.2) Rimborso per Pay back sui dispositivi medici";"27/02/2024";"958325780.94"
"2022";"AA0930";"A.5.E.3) Altri concorsi, recuperi e rimborsi da privati";"27/02/2024";"284905837.08"
"2022";"AA0940";"A.6) Compartecipazione alla spesa per prestazioni sanitarie (Ticket)";"27/02/2024";"1061001253.58"
"2022";"AA0950";"A.6.A) Compartecipazione alla spesa per prestazioni sanitarie - Ticket sulle prestazioni di specialistica ambulatoriale e APA-PAC";"27/02/2024";"1018472207.50"
"2022";"AA0960";"A.6.B) Compartecipazione alla spesa per prestazioni sanitarie - Ticket sul pronto soccorso";"27/02/2024";"34551448.67"
"2022";"AA0970";"A.6.C) Compartecipazione alla spesa per prestazioni sanitarie (Ticket) - Altro";"08/01/2024";"7977597.41"
"2022";"AA0980";"A.7) Quota contributi c/capitale imputata all'esercizio";"27/02/2024";"2360347482.19"
"2022";"AA0990";"A.7.A) Quota imputata all'esercizio dei finanziamenti per investimenti dallo Stato";"27/02/2024";"225066633.19"
"2022";"AA1000";"A.7.B) Quota imputata all'esercizio dei finanziamenti per investimenti da Regione";"27/02/2024";"1044730031.05"
"2022";"AA1010";"A.7.C) Quota imputata all'esercizio dei finanziamenti per beni di prima dotazione";"27/02/2024";"306226440.73"
"2022";"AA1020";"A.7.D) Quota imputata all'esercizio dei contributi in c/ esercizio FSR destinati ad investimenti";"27/02/2024";"549372915.94"
"2022";"AA1030";"A.7.E) Quota imputata all'esercizio degli altri contributi in c/ esercizio destinati ad investimenti";"27/02/2024";"39018044.06"
"2022";"AA1040";"A.7.F) Quota imputata all'esercizio di altre poste del patrimonio netto";"27/02/2024";"195933417.22"
"2022";"AA1050";"A.8) Incrementi delle immobilizzazioni per lavori interni";"18/12/2023";"139934.06"
"2022";"AA1060";"A.9) Altri ricavi e proventi";"27/02/2024";"404133988.47"
"2022";"AA1070";"A.9.A) Ricavi per prestazioni non sanitarie";"27/02/2024";"89245441.55"
"2022";"AA1080";"A.9.B) Fitti attivi ed altri proventi da attivita' immobiliari";"27/02/2024";"78342241.76"
"2022";"AA1090";"A.9.C) Altri proventi diversi";"27/02/2024";"236546305.16"
"2022";"AZ9999";"Totale valore della produzione (A)";"27/02/2024";"140809159881.47"
"2022";"BA0010";"B.1) Acquisti di beni";"27/02/2024";"23829720987.92"
"2022";"BA0020";"B.1.A) Acquisti di beni sanitari";"27/02/2024";"23412935833.02"
"2022";"BA0030";"B.1.A.1) Prodotti farmaceutici ed emoderivati";"27/02/2024";"14585777396.50"
"2022";"BA0040";"B.1.A.1.1) Medicinali con AIC, ad eccezione di vaccini, emoderivati di produzione regionale, ossigeno e altri gas medicali";"27/02/2024";"14205424342.95"
"2022";"BA0050";"B.1.A.1.2) Medicinali senza AIC";"27/02/2024";"103985760.59"
"2022";"BA0051";"B.1.A.1.3) Ossigeno e altri gas medicali";"27/02/2024";"232933783.26"
"2022";"BA0060";"B.1.A.1.4) Emoderivati di produzione regionale";"27/02/2024";"43433509.70"
"2022";"BA0063";"B.1.A.1.4.3) Emoderivati di produzione regionale da altri soggetti";"27/02/2024";"43433509.70"
"2022";"BA0070";"B.1.A.2) Sangue ed emocomponenti";"27/02/2024";"96726625.13"
"2022";"BA0090";"B.1.A.2.2) da pubblico (Aziende sanitarie pubbliche extra Regione) - Mobilita' extraregionale";"09/01/2024";"11803231.79"
"2022";"BA0100";"B.1.A.2.3) da altri soggetti";"27/02/2024";"84923393.34"
"2022";"BA0210";"B.1.A.3) Dispositivi medici";"27/02/2024";"7585399722.51"
"2022";"BA0220";"B.1.A.3.1) Dispositivi medici";"27/02/2024";"5127842579.67"
"2022";"BA0230";"B.1.A.3.2) Dispositivi medici impiantabili attivi";"27/02/2024";"470344202.78"
"2022";"BA0240";"B.1.A.3.3) Dispositivi medico diagnostici in vitro (IVD)";"27/02/2024";"1987212940.06"
"2022";"BA0250";"B.1.A.4) Prodotti dietetici";"27/02/2024";"145749443.22"
"2022";"BA0260";"B.1.A.5) Materiali per la profilassi (vaccini)";"27/02/2024";"653403550.28"
"2022";"BA0270";"B.1.A.6) Prodotti chimici";"27/02/2024";"95627338.70"
"2022";"BA0280";"B.1.A.7) Materiali e prodotti per uso veterinario";"27/02/2024";"4246059.41"
"2022";"BA0290";"B.1.A.8) Altri beni e prodotti sanitari";"27/02/2024";"246005697.27"
"2022";"BA0310";"B.1.B) Acquisti di beni non sanitari";"27/02/2024";"416785154.90"
"2022";"BA0320";"B.1.B.1) Prodotti alimentari";"27/02/2024";"43387635.54"
"2022";"BA0330";"B.1.B.2) Materiali di guardaroba, di pulizia e di convivenza in genere";"27/02/2024";"71734036.99"
"2022";"BA0340";"B.1.B.3) Combustibili, carburanti e lubrificanti";"27/02/2024";"119115538.00"
"2022";"BA0350";"B.1.B.4) Supporti informatici e cancelleria";"27/02/2024";"101519395.21"
"2022";"BA0360";"B.1.B.5) Materiale per la manutenzione";"27/02/2024";"42680661.44"
"2022";"BA0370";"B.1.B.6) Altri beni e prodotti non sanitari";"27/02/2024";"38347887.72"
"2022";"BA0390";"B.2) Acquisti di servizi";"27/02/2024";"62808346943.77"
"2022";"BA0400";"B.2.A) Acquisti servizi sanitari";"27/02/2024";"52237775592.97"
"2022";"BA0410";"B.2.A.1) Acquisti servizi sanitari per medicina di base";"27/02/2024";"6947007420.73"
"2022";"BA0420";"B.2.A.1.1) - da convenzione";"27/02/2024";"6919981912.37"
"2022";"BA0430";"B.2.A.1.1.A) Costi per assistenza MMG";"27/02/2024";"4707027245.70"
"2022";"BA0440";"B.2.A.1.1.B) Costi per assistenza PLS";"27/02/2024";"1053093513.90"
"2022";"BA0450";"B.2.A.1.1.C) Costi per assistenza Continuita' assistenziale";"27/02/2024";"878172011.40"
"2022";"BA0460";"B.2.A.1.1.D) Altro (medicina dei servizi, psicologi, medici 118, ecc)";"27/02/2024";"281689141.37"
"2022";"BA0480";"B.2.A.1.3) - da pubblico (Aziende sanitarie pubbliche Extraregione) - Mobilita' extraregionale";"27/02/2024";"27025508.36"
"2022";"BA0490";"B.2.A.2) Acquisti servizi sanitari per farmaceutica";"27/02/2024";"8032513941.46"
"2022";"BA0500";"B.2.A.2.1) - da convenzione";"27/02/2024";"7972501655.78"
"2022";"BA0520";"B.2.A.2.3) - da pubblico (Extraregione)";"27/02/2024";"60012285.68"
"2022";"BA0530";"B.2.A.3) Acquisti servizi sanitari per assistenza specialistica ambulatoriale";"27/02/2024";"5946462230.60"
"2022";"BA0550";"B.2.A.3.3) - da pubblico (altri soggetti pubbl. della Regione)";"27/02/2024";"123197758.28"
"2022";"BA0551";"B.2.A.3.4) prestazioni di pronto soccorso non seguite da ricovero - da pubblico (altri soggetti pubbl. della Regione)";"18/12/2023";"1753708.25"
"2022";"BA0560";"B.2.A.3.5) - da pubblico (Extraregione)";"27/02/2024";"601036507.01"
"2022";"BA0561";"B.2.A.3.6) prestazioni di pronto soccorso non seguite da ricovero - da pubblico (Extraregione)";"27/12/2023";"14272163.50"
"2022";"BA0570";"B.2.A.3.7) - da privato - Medici SUMAI";"27/02/2024";"1078318362.32"
"2022";"BA0580";"B.2.A.3.8) - da privato";"27/02/2024";"3872398016.31"
"2022";"BA0590";"B.2.A.3.8.A) Servizi sanitari per assistenza specialistica da IRCCS privati e Policlinici privati";"27/02/2024";"496298572.64"
"2022";"BA0591";"B.2.A.3.8.B) Servizi sanitari per prestazioni di pronto soccorso non seguite da ricovero - da IRCCS privati e Policlinici privati";"18/10/2023";"22659577.34"
"2022";"BA0600";"B.2.A.3.8.C) Servizi sanitari per assistenza specialistica da Ospedali Classificati privati";"27/02/2024";"282534503.64"
"2022";"BA0601";"B.2.A.3.8.D) Servizi sanitari per prestazioni di pronto soccorso non seguite da ricovero - da Ospedali Classificati privati";"27/02/2024";"20538062.74"
"2022";"BA0610";"B.2.A.3.8.E) Servizi sanitari per assistenza specialistica da Case di Cura private";"18/01/2024";"938922131.65"
"2022";"BA0611";"B.2.A.3.8.F) Servizi sanitari per prestazioni di pronto soccorso non seguite da ricovero - da Case di Cura private";"18/10/2023";"26210147.16"
"2022";"BA0620";"B.2.A.3.8.G) Servizi sanitari per assistenza specialistica da altri privati";"27/02/2024";"2083366156.47"
"2022";"BA0621";"B.2.A.3.8.H) Servizi sanitari per prestazioni di pronto soccorso non seguite da ricovero - da altri privati";"27/02/2024";"1868864.67"
"2022";"BA0630";"B.2.A.3.9) - da privato per cittadini non residenti - Extraregione (mobilita' attiva in compensazione)";"27/02/2024";"251322787.01"
"2022";"BA0631";"B.2.A.3.10) Servizi sanitari per prestazioni di pronto soccorso non seguite da ricovero - da privato per cittadini non residenti - Extraregione (mobilita' attiva in compensazione)";"27/02/2024";"4162927.92"
"2022";"BA0640";"B.2.A.4) Acquisti servizi sanitari per assistenza riabilitativa";"27/02/2024";"1765345069.75"
"2022";"BA0660";"B.2.A.4.2) - da pubblico (altri soggetti pubbl. della Regione)";"16/01/2024";"44611691.53"
"2022";"BA0670";"B.2.A.4.3) - da pubblico (Extraregione) non soggetti a compensazione";"27/02/2024";"2435327.54"
"2022";"BA0680";"B.2.A.4.4) - da privato (intraregionale)";"27/02/2024";"1645313979.47"
"2022";"BA0690";"B.2.A.4.5) - da privato (extraregionale)";"27/02/2024";"72984071.21"
"2022";"BA0700";"B.2.A.5) Acquisti servizi sanitari per assistenza integrativa";"27/02/2024";"852819803.61"
"2022";"BA0720";"B.2.A.5.2) - da pubblico (altri soggetti pubbl. della Regione)";"27/02/2024";"6347087.08"
"2022";"BA0730";"B.2.A.5.3) - da pubblico (Extraregione)";"27/02/2024";"369475.64"
"2022";"BA0740";"B.2.A.5.4) - da privato";"27/02/2024";"846103240.89"
"2022";"BA0750";"B.2.A.6) Acquisti servizi sanitari per assistenza protesica";"27/02/2024";"884464771.00"
"2022";"BA0770";"B.2.A.6.2) - da pubblico (altri soggetti pubbl. della Regione)";"27/02/2024";"846200.87"
"2022";"BA0780";"B.2.A.6.3) - da pubblico (Extraregione)";"27/02/2024";"333872.04"
"2022";"BA0790";"B.2.A.6.4) - da privato";"27/02/2024";"883284698.09"
"2022";"BA0800";"B.2.A.7) Acquisti servizi sanitari per assistenza ospedaliera";"27/02/2024";"11537828493.59"
"2022";"BA0820";"B.2.A.7.2) - da pubblico (altri soggetti pubbl. della Regione)";"27/02/2024";"350239023.91"
"2022";"BA0830";"B.2.A.7.3) - da pubblico (Extraregione)";"27/02/2024";"2381615211.68"
"2022";"BA0840";"B.2.A.7.4) - da privato";"27/02/2024";"7604451454.28"
"2022";"BA0850";"B.2.A.7.4.A) Servizi sanitari per assistenza ospedaliera da IRCCS privati e Policlinici privati";"27/02/2024";"1717154693.93"
"2022";"BA0860";"B.2.A.7.4.B) Servizi sanitari per assistenza ospedaliera da Ospedali Classificati privati";"27/02/2024";"1014508894.66"
"2022";"BA0870";"B.2.A.7.4.C) Servizi sanitari per assistenza ospedaliera da Case di Cura private";"27/02/2024";"4670532458.02"
"2022";"BA0880";"B.2.A.7.4.D) Servizi sanitari per assistenza ospedaliera da altri privati";"27/02/2024";"202255407.67"
"2022";"BA0890";"B.2.A.7.5) - da privato per cittadini non residenti - Extraregione (mobilita' attiva in compensazione)";"27/02/2024";"1201522803.72"
"2022";"BA0900";"B.2.A.8) Acquisto prestazioni di psichiatria residenziale e semiresidenziale";"27/02/2024";"1172100284.62"
"2022";"BA0920";"B.2.A.8.2) - da pubblico (altri soggetti pubbl. della Regione)";"16/01/2024";"10530684.30"
"2022";"BA0930";"B.2.A.8.3) - da pubblico (Extraregione) - non soggette a compensazione";"27/02/2024";"2808879.60"
"2022";"BA0940";"B.2.A.8.4) - da privato (intraregionale)";"27/02/2024";"1075560739.41"
"2022";"BA0950";"B.2.A.8.5) - da privato (extraregionale)";"27/02/2024";"83199981.31"
"2022";"BA0960";"B.2.A.9) Acquisto prestazioni di distribuzione farmaci File F";"27/02/2024";"1375792603.00"
"2022";"BA0980";"B.2.A.9.2) - da pubblico (altri soggetti pubbl. della Regione)";"27/02/2024";"12476425.54"
"2022";"BA0990";"B.2.A.9.3) - da pubblico (Extraregione)";"27/02/2024";"304236795.62"
"2022";"BA1000";"B.2.A.9.4) - da privato (intraregionale)";"27/02/2024";"980219752.82"
"2022";"BA1010";"B.2.A.9.5) - da privato (extraregionale)";"21/09/2023";"12528.26"
"2022";"BA1020";"B.2.A.9.6) - da privato per cittadini non residenti - Extraregione (mobilita' attiva in compensazione)";"27/02/2024";"78847100.76"
"2022";"BA1030";"B.2.A.10) Acquisto prestazioni termali in convenzione";"27/02/2024";"113262312.79"
"2022";"BA1050";"B.2.A.10.2) - da pubblico (altri soggetti pubbl. della Regione)";"04/07/2023";"802077.89"
"2022";"BA1060";"B.2.A.10.3) - da pubblico (Extraregione)";"27/02/2024";"25934431.81"
"2022";"BA1070";"B.2.A.10.4) - da privato";"27/02/2024";"68978364.66"
"2022";"BA1080";"B.2.A.10.5) - da privato per cittadini non residenti - Extraregione (mobilita' attiva in compensazione)";"27/02/2024";"17547438.43"
"2022";"BA1090";"B.2.A.11) Acquisto prestazioni di trasporto sanitario";"27/02/2024";"1380290505.40"
"2022";"BA1110";"B.2.A.11.2) - da pubblico (altri soggetti pubbl. della Regione)";"27/02/2024";"32678209.23"
"2022";"BA1120";"B.2.A.11.3) - da pubblico (Extraregione)";"27/02/2024";"46006546.57"
"2022";"BA1130";"B.2.A.11.4) - da privato";"27/02/2024";"1301605749.60"
"2022";"BA1140";"B.2.A.12) Acquisto prestazioni Socio-Sanitarie a rilevanza sanitaria";"27/02/2024";"5902182174.33"
"2022";"BA1160";"B.2.A.12.2) - da pubblico (altri soggetti pubblici della Regione)";"27/02/2024";"1053518795.75"
"2022";"BA1161";"B.2.A.12.3) - da pubblico (Extraregione) - Acquisto di Altre prestazioni sociosanitarie a rilevanza sanitaria erogate a soggetti pubblici Extraregione";"09/01/2024";"2459421.82"
"2022";"BA1170";"B.2.A.12.4) - da pubblico (Extraregione) non soggette a compensazione";"27/02/2024";"7306922.89"
"2022";"BA1180";"B.2.A.12.5) - da privato (intraregionale)";"27/02/2024";"4756669600.44"
"2022";"BA1190";"B.2.A.12.6) - da privato (extraregionale)";"27/02/2024";"82227433.43"
"2022";"BA1200";"B.2.A.13) Compartecipazione al personale per att. libero-prof. (intramoenia)";"27/02/2024";"921146762.69"
"2022";"BA1210";"B.2.A.13.1) Compartecipazione al personale per att. libero professionale intramoenia - Area ospedaliera";"27/02/2024";"186585649.99"
"2022";"BA1220";"B.2.A.13.2) Compartecipazione al personale per att. libero professionale intramoenia- Area specialistica";"27/02/2024";"596963613.30"
"2022";"BA1230";"B.2.A.13.3) Compartecipazione al personale per att. libero professionale intramoenia - Area sanita' pubblica";"27/02/2024";"8226123.16"
"2022";"BA1240";"B.2.A.13.4) Compartecipazione al personale per att. libero professionale intramoenia - Consulenze (ex art. 55 c.1 lett. c), d) ed ex Art. 57-58)";"27/02/2024";"96428896.91"
"2022";"BA1260";"B.2.A.13.6) Compartecipazione al personale per att. libero professionale intramoenia - Altro";"27/02/2024";"32942479.33"
"2022";"BA1280";"B.2.A.14) Rimborsi, assegni e contributi sanitari";"27/02/2024";"1602924704.40"
"2022";"BA1290";"B.2.A.14.1) Contributi ad associazioni di volontariato";"27/02/2024";"45240851.33"
"2022";"BA1300";"B.2.A.14.2) Rimborsi per cure all'estero";"27/02/2024";"6054088.86"
"2022";"BA1310";"B.2.A.14.3) Contributi a societa' partecipate e/o enti dipendenti della Regione";"18/01/2024";"553646831.81"
"2022";"BA1320";"B.2.A.14.4) Contributo Legge 210/92";"18/01/2024";"125376511.92"
"2022";"BA1330";"B.2.A.14.5) Altri rimborsi, assegni e contributi";"27/02/2024";"872606420.48"
"2022";"BA1350";"B.2.A.15) Consulenze, Collaborazioni, Interinale e altre prestazioni di lavoro sanitarie e sociosanitarie";"27/02/2024";"1694767622.02"
"2022";"BA1370";"B.2.A.15.2) Consulenze sanitarie e sociosanitarie da terzi - Altri soggetti pubblici";"27/02/2024";"9134272.75"
"2022";"BA1380";"B.2.A.15.3) Consulenze, Collaborazioni, Interinale e altre prestazioni di lavoro sanitarie e sociosanitarie da privato";"27/02/2024";"1676828493.93"
"2022";"BA1390";"B.2.A.15.3.A) Consulenze sanitarie da privato - articolo 55, comma 2, CCNL 8 giugno 2000";"27/02/2024";"548196736.96"
"2022";"BA1400";"B.2.A.15.3.B) Altre consulenze sanitarie e sociosanitarie da privato";"27/02/2024";"200561710.24"
"2022";"BA1410";"B.2.A.15.3.C) Collaborazioni coordinate e continuative sanitarie e sociosanitarie da privato";"27/02/2024";"176174283.41"
"2022";"BA1420";"B.2.A.15.3.D) Indennita' a personale universitario - area sanitaria";"27/02/2024";"368531548.82"
"2022";"BA1430";"B.2.A.15.3.E) Lavoro interinale - area sanitaria";"27/02/2024";"143602430.54"
"2022";"BA1440";"B.2.A.15.3.F) Altre collaborazioni e prestazioni di lavoro - area sanitaria";"27/02/2024";"239761783.96"
"2022";"BA1450";"B.2.A.15.4) Rimborso oneri stipendiali del personale sanitario in comando";"27/02/2024";"8804855.34"
"2022";"BA1470";"B.2.A.15.4.B) Rimborso oneri stipendiali personale sanitario in comando da Regioni, soggetti pubblici e da Universita'";"27/02/2024";"3201158.89"
"2022";"BA1480";"B.2.A.15.4.C) Rimborso oneri stipendiali personale sanitario in comando da aziende di altre Regioni (Extraregione)";"27/02/2024";"5603696.45"
"2022";"BA1490";"B.2.A.16) Altri servizi sanitari e sociosanitari a rilevanza sanitaria";"27/02/2024";"2018663306.17"
"2022";"BA1510";"B.2.A.16.2) Altri servizi sanitari e sociosanitari a rilevanza sanitaria da pubblico - Altri soggetti pubblici della Regione";"27/02/2024";"178374633.58"
"2022";"BA1520";"B.2.A.16.3) Altri servizi sanitari e sociosanitari a rilevanza sanitaria da pubblico (Extraregione)";"27/02/2024";"34239601.03"
"2022";"BA1530";"B.2.A.16.4) Altri servizi sanitari da privato";"27/02/2024";"1648243490.26"
"2022";"BA1540";"B.2.A.16.5) Costi per servizi sanitari - Mobilita' internazionale passiva";"27/02/2024";"141477621.17"
"2022";"BA1542";"B.2.A.16.7) Costi per prestazioni sanitarie erogate da aziende sanitarie estere (fatturate direttamente)";"27/12/2023";"16327960.13"
"2022";"BA1550";"B.2.A.17) Costi GSA per differenziale saldo mobilita' interregionale";"18/12/2023";"90203586.81"
"2022";"BA1560";"B.2.B) Acquisti di servizi non sanitari";"27/02/2024";"10570571350.80"
"2022";"BA1570";"B.2.B.1) Servizi non sanitari";"27/02/2024";"10102596020.02"
"2022";"BA1580";"B.2.B.1.1) Lavanderia";"27/02/2024";"499926954.07"
"2022";"BA1590";"B.2.B.1.2) Pulizia";"27/02/2024";"1333396180.26"
"2022";"BA1600";"B.2.B.1.3) Mensa";"27/02/2024";"787912893.08"
"2022";"BA1601";"B.2.B.1.3.A) Mensa dipendenti";"27/02/2024";"223791589.76"
"2022";"BA1602";"B.2.B.1.3.B) Mensa degenti";"27/02/2024";"564121303.32"
"2022";"BA1610";"B.2.B.1.4) Riscaldamento";"27/02/2024";"1170419123.16"
"2022";"BA1620";"B.2.B.1.5) Servizi di assistenza informatica";"27/02/2024";"529486295.64"
"2022";"BA1630";"B.2.B.1.6) Servizi trasporti (non sanitari)";"27/02/2024";"110705700.33"
"2022";"BA1640";"B.2.B.1.7) Smaltimento rifiuti";"27/02/2024";"288777795.66"
"2022";"BA1650";"B.2.B.1.8) Utenze telefoniche";"27/02/2024";"177094067.62"
"2022";"BA1660";"B.2.B.1.9) Utenze elettricita'";"27/02/2024";"1670055310.89"
"2022";"BA1670";"B.2.B.1.10) Altre utenze";"27/02/2024";"349111716.13"
"2022";"BA1680";"B.2.B.1.11) Premi di assicurazione";"27/02/2024";"431720751.02"
"2022";"BA1690";"B.2.B.1.11.A) Premi di assicurazione - R.C. Professionale";"27/02/2024";"322867557.74"
"2022";"BA1700";"B.2.B.1.11.B) Premi di assicurazione - Altri premi assicurativi";"27/02/2024";"108853193.28"
"2022";"BA1710";"B.2.B.1.12) Altri servizi non sanitari";"27/02/2024";"2753989232.16"
"2022";"BA1730";"B.2.B.1.12.B) Altri servizi non sanitari da altri soggetti pubblici";"27/02/2024";"288613410.12"
"2022";"BA1740";"B.2.B.1.12.C) Altri servizi non sanitari da privato";"27/02/2024";"2465375822.04"
"2022";"BA1750";"B.2.B.2) Consulenze, Collaborazioni, Interinale e altre prestazioni di lavoro non sanitarie";"27/02/2024";"341199241.69"
"2022";"BA1770";"B.2.B.2.2) Consulenze non sanitarie da Terzi - Altri soggetti pubblici";"27/02/2024";"1622631.99"
"2022";"BA1780";"B.2.B.2.3) Consulenze, Collaborazioni, Interinale e altre prestazioni di lavoro non sanitarie da privato";"27/02/2024";"333002540.18"
"2022";"BA1790";"B.2.B.2.3.A) Consulenze non sanitarie da privato";"27/02/2024";"50204654.91"
"2022";"BA1800";"B.2.B.2.3.B) Collaborazioni coordinate e continuative non sanitarie da privato";"27/02/2024";"46051378.00"
"2022";"BA1810";"B.2.B.2.3.C) Indennita' a personale universitario - area non sanitaria";"27/02/2024";"33365649.70"
"2022";"BA1820";"B.2.B.2.3.D) Lavoro interinale - area non sanitaria";"27/02/2024";"132650797.03"
"2022";"BA1830";"B.2.B.2.3.E) Altre collaborazioni e prestazioni di lavoro - area non sanitaria";"27/02/2024";"64532330.37"
"2022";"BA1831";"B.2.B.2.3.F) Altre Consulenze non sanitarie da privato - in attuazione dell'art. 79, comma 1 sexies lettera c), del D.L. 112/2008, convertito con legge 133/2008 e della legge 23 dicembre 2009 n. 191";"27/02/2024";"6197730.17"
"2022";"BA1840";"B.2.B.2.4) Rimborso oneri stipendiali del personale non sanitario in comando";"27/02/2024";"6574069.52"
"2022";"BA1860";"B.2.B.2.4.B) Rimborso oneri stipendiali personale non sanitario in comando da Regione, soggetti pubblici e da Universita'";"27/02/2024";"5593675.68"
"2022";"BA1870";"B.2.B.2.4.C) Rimborso oneri stipendiali personale non sanitario in comando da aziende di altre Regioni (Extraregione)";"27/02/2024";"980393.84"
"2022";"BA1880";"B.2.B.3) Formazione (esternalizzata e non)";"27/02/2024";"126776089.09"
"2022";"BA1890";"B.2.B.3.1) Formazione (esternalizzata e non) da pubblico";"27/02/2024";"43219745.15"
"2022";"BA1900";"B.2.B.3.2) Formazione (esternalizzata e non) da privato";"27/02/2024";"83556343.94"
"2022";"BA1910";"B.3) Manutenzione e riparazione (ordinaria esternalizzata)";"27/02/2024";"2487145063.47"
"2022";"BA1920";"B.3.A) Manutenzione e riparazione ai fabbricati e loro pertinenze";"27/02/2024";"598329924.82"
"2022";"BA1930";"B.3.B) Manutenzione e riparazione agli impianti e macchinari";"27/02/2024";"627456700.53"
"2022";"BA1940";"B.3.C) Manutenzione e riparazione alle attrezzature sanitarie e scientifiche";"27/02/2024";"938017880.46"
"2022";"BA1950";"B.3.D) Manutenzione e riparazione ai mobili e arredi";"27/02/2024";"36832356.22"
"2022";"BA1960";"B.3.E) Manutenzione e riparazione agli automezzi";"27/02/2024";"26610722.75"
"2022";"BA1970";"B.3.F) Altre manutenzioni e riparazioni";"27/02/2024";"259897478.69"
"2022";"BA1990";"B.4) Godimento di beni di terzi";"27/02/2024";"1318875896.19"
"2022";"BA2000";"B.4.A) Fitti passivi";"27/02/2024";"148313258.80"
"2022";"BA2010";"B.4.B) Canoni di noleggio";"27/02/2024";"1015993436.31"
"2022";"BA2020";"B.4.B.1) Canoni di noleggio - area sanitaria";"27/02/2024";"821702397.05"
"2022";"BA2030";"B.4.B.2) Canoni di noleggio - area non sanitaria";"27/02/2024";"194291039.26"
"2022";"BA2040";"B.4.C) Canoni di leasing";"27/02/2024";"22016696.77"
"2022";"BA2050";"B.4.C.1) Canoni di leasing - area sanitaria";"27/02/2024";"17383825.71"
"2022";"BA2060";"B.4.C.2) Canoni di leasing - area non sanitaria";"18/01/2024";"4632871.06"
"2022";"BA2061";"B.4.D) Canoni di project financing";"09/01/2024";"132552504.31"
"2022";"BA2080";"Totale Costo del personale";"27/02/2024";"38231051066.80"
"2022";"BA2090";"B.5) Personale del ruolo sanitario";"27/02/2024";"30871002776.07"
"2022";"BA2100";"B.5.A) Costo del personale dirigente ruolo sanitario";"27/02/2024";"14427688029.61"
"2022";"BA2110";"B.5.A.1) Costo del personale dirigente medico";"27/02/2024";"13036962323.83"
"2022";"BA2120";"B.5.A.1.1) Costo del personale dirigente medico - tempo indeterminato";"27/02/2024";"12397444104.66"
"2022";"BA2130";"B.5.A.1.2) Costo del personale dirigente medico - tempo determinato";"27/02/2024";"632297189.54"
"2022";"BA2140";"B.5.A.1.3) Costo del personale dirigente medico - altro";"27/02/2024";"7221029.63"
"2022";"BA2150";"B.5.A.2) Costo del personale dirigente non medico";"27/02/2024";"1390725705.78"
"2022";"BA2160";"B.5.A.2.1) Costo del personale dirigente non medico - tempo indeterminato";"27/02/2024";"1261646951.28"
"2022";"BA2170";"B.5.A.2.2) Costo del personale dirigente non medico - tempo determinato";"27/02/2024";"127582007.99"
"2022";"BA2180";"B.5.A.2.3) Costo del personale dirigente non medico - altro";"18/01/2024";"1496746.51"
"2022";"BA2190";"B.5.B) Costo del personale comparto ruolo sanitario";"27/02/2024";"16443314746.46"
"2022";"BA2200";"B.5.B.1) Costo del personale comparto ruolo sanitario - tempo indeterminato";"27/02/2024";"15314096520.43"
"2022";"BA2210";"B.5.B.2) Costo del personale comparto ruolo sanitario - tempo determinato";"27/02/2024";"1115038515.49"
"2022";"BA2220";"B.5.B.3) Costo del personale comparto ruolo sanitario - altro";"18/01/2024";"14179710.54"
"2022";"BA2230";"B.6) Personale del ruolo professionale";"27/02/2024";"155924249.15"
"2022";"BA2240";"B.6.A) Costo del personale dirigente ruolo professionale";"27/02/2024";"140270566.32"
"2022";"BA2250";"B.6.A.1) Costo del personale dirigente ruolo professionale - tempo indeterminato";"27/02/2024";"129893683.52"
"2022";"BA2260";"B.6.A.2) Costo del personale dirigente ruolo professionale - tempo determinato";"27/02/2024";"10265909.77"
"2022";"BA2270";"B.6.A.3) Costo del personale dirigente ruolo professionale - altro";"18/01/2024";"110973.03"
"2022";"BA2280";"B.6.B) Costo del personale comparto ruolo professionale";"27/02/2024";"15653682.83"
"2022";"BA2290";"B.6.B.1) Costo del personale comparto ruolo professionale - tempo indeterminato";"27/02/2024";"12990093.68"
"2022";"BA2300";"B.6.B.2) Costo del personale comparto ruolo professionale - tempo determinato";"27/02/2024";"2459102.15"
"2022";"BA2310";"B.6.B.3) Costo del personale comparto ruolo professionale - altro";"27/02/2024";"204487.00"
"2022";"BA2320";"B.7) Personale del ruolo tecnico";"27/02/2024";"4570907315.67"
"2022";"BA2330";"B.7.A) Costo del personale dirigente ruolo tecnico";"27/02/2024";"70151882.54"
"2022";"BA2340";"B.7.A.1) Costo del personale dirigente ruolo tecnico - tempo indeterminato";"27/02/2024";"65331438.69"
"2022";"BA2350";"B.7.A.2) Costo del personale dirigente ruolo tecnico - tempo determinato";"27/02/2024";"4381566.53"
"2022";"BA2360";"B.7.A.3) Costo del personale dirigente ruolo tecnico - altro";"06/09/2023";"438877.32"
"2022";"BA2370";"B.7.B) Costo del personale comparto ruolo tecnico";"27/02/2024";"4500755433.13"
"2022";"BA2380";"B.7.B.1) Costo del personale comparto ruolo tecnico - tempo indeterminato";"27/02/2024";"4053137990.80"
"2022";"BA2390";"B.7.B.2) Costo del personale comparto ruolo tecnico - tempo determinato";"27/02/2024";"438106997.63"
"2022";"BA2400";"B.7.B.3) Costo del personale comparto ruolo tecnico - altro";"27/02/2024";"9510444.70"
"2022";"BA2410";"B.8) Personale del ruolo amministrativo";"27/02/2024";"2633216725.91"
"2022";"BA2420";"B.8.A) Costo del personale dirigente ruolo amministrativo";"27/02/2024";"267474947.84"
"2022";"BA2430";"B.8.A.1) Costo del personale dirigente ruolo amministrativo - tempo indeterminato";"27/02/2024";"246243519.61"
"2022";"BA2440";"B.8.A.2) Costo del personale dirigente ruolo amministrativo - tempo determinato";"27/02/2024";"20982869.87"
"2022";"BA2450";"B.8.A.3) Costo del personale dirigente ruolo amministrativo - altro";"09/01/2024";"248558.36"
"2022";"BA2460";"B.8.B) Costo del personale comparto ruolo amministrativo";"27/02/2024";"2365741778.07"
"2022";"BA2470";"B.8.B.1) Costo del personale comparto ruolo amministrativo - tempo indeterminato";"27/02/2024";"2212268869.39"
"2022";"BA2480";"B.8.B.2) Costo del personale comparto ruolo amministrativo - tempo determinato";"27/02/2024";"146718304.41"
"2022";"BA2490";"B.8.B.3) Costo del personale comparto ruolo amministrativo - altro";"27/02/2024";"6754604.27"
"2022";"BA2500";"B.9) Oneri diversi di gestione";"27/02/2024";"779703475.79"
"2022";"BA2510";"B.9.A) Imposte e tasse (escluso IRAP e IRES)";"27/02/2024";"248887099.03"
"2022";"BA2520";"B.9.B) Perdite su crediti";"27/02/2024";"953255.28"
"2022";"BA2530";"B.9.C) Altri oneri diversi di gestione";"27/02/2024";"529863121.48"
"2022";"BA2540";"B.9.C.1) Indennita' ,rimborso spese e oneri sociali per gli Organi Direttivi e Collegio Sindacale";"27/02/2024";"153960691.49"
"2022";"BA2550";"B.9.C.2) Altri oneri diversi di gestione";"27/02/2024";"352645565.74"
"2022";"BA2552";"B.9.C.4) Altri oneri diversi di gestione - per Autoassicurazione";"27/02/2024";"23256864.25"
"2022";"BA2560";"Totale Ammortamenti";"27/02/2024";"2747176146.09"
"2022";"BA2570";"B.10) Ammortamenti delle immobilizzazioni immateriali";"27/02/2024";"138131089.93"
"2022";"BA2580";"B.11) Ammortamenti delle immobilizzazioni materiali";"27/02/2024";"2609045056.16"
"2022";"BA2590";"B.11.A) Ammortamento dei fabbricati";"27/02/2024";"1416980874.51"
"2022";"BA2600";"B.11.A.1) Ammortamenti fabbricati non strumentali (disponibili)";"27/02/2024";"29162767.10"
"2022";"BA2610";"B.11.A.2) Ammortamenti fabbricati strumentali (indisponibili)";"27/02/2024";"1387818107.41"
"2022";"BA2620";"B.11.B) Ammortamenti delle altre immobilizzazioni materiali";"27/02/2024";"1192064181.65"
"2022";"BA2630";"B.12) Svalutazione delle immobilizzazioni e dei crediti";"27/02/2024";"139744952.69"
"2022";"BA2650";"B.12.B) Svalutazione dei crediti";"27/02/2024";"139744952.69"
"2022";"BA2660";"B.13) Variazione delle rimanenze";"27/02/2024";"-56859412.72"
"2022";"BA2670";"B.13.A) Variazione rimanenze sanitarie";"27/02/2024";"-64652072.28"
"2022";"BA2671";"B.13.A.1) Prodotti farmaceutici ed emoderivati";"27/02/2024";"-108122456.44"
"2022";"BA2672";"B.13.A.2) Sangue ed emocomponenti";"27/02/2024";"1806767.62"
"2022";"BA2673";"B.13.A.3) Dispositivi medici";"27/02/2024";"2592771.49"
"2022";"BA2674";"B.13.A.4) Prodotti dietetici";"27/02/2024";"-587158.30"
"2022";"BA2675";"B.13.A.5) Materiali per la profilassi (vaccini)";"27/02/2024";"-1166260.48"
"2022";"BA2676";"B.13.A.6) Prodotti chimici";"27/02/2024";"1537579.56"
"2022";"BA2677";"B.13.A.7) Materiali e prodotti per uso veterinario";"27/02/2024";"1545283.76"
"2022";"BA2678";"B.13.A.8) Altri beni e prodotti sanitari";"27/02/2024";"37741400.51"
"2022";"BA2680";"B.13.B) Variazione rimanenze non sanitarie";"27/02/2024";"7792659.56"
"2022";"BA2681";"B.13.B.1) Prodotti alimentari";"27/02/2024";"129602.61"
"2022";"BA2682";"B.13.B.2) Materiali di guardaroba, di pulizia, e di convivenza in genere";"27/02/2024";"11943545.45"
"2022";"BA2683";"B.13.B.3) Combustibili, carburanti e lubrificanti";"27/02/2024";"-630799.03"
"2022";"BA2684";"B.13.B.4) Supporti informatici e cancelleria";"27/02/2024";"-3767847.36"
"2022";"BA2685";"B.13.B.5) Materiale per la manutenzione";"27/02/2024";"263620.19"
"2022";"BA2686";"B.13.B.6) Altri beni e prodotti non sanitari";"27/02/2024";"-145462.30"
"2022";"BA2690";"B.14) Accantonamenti dell'esercizio";"27/02/2024";"7520370948.70"
"2022";"BA2700";"B.14.A) Accantonamenti per rischi";"27/02/2024";"2462449121.86"
"2022";"BA2710";"B.14.A.1) Accantonamenti per cause civili ed oneri processuali";"27/02/2024";"396129617.54"
"2022";"BA2720";"B.14.A.2) Accantonamenti per contenzioso personale dipendente";"27/02/2024";"114794501.12"
"2022";"BA2730";"B.14.A.3) Accantonamenti per rischi connessi all'acquisto di prestazioni sanitarie da privato";"27/02/2024";"350636006.55"
"2022";"BA2740";"B.14.A.4) Accantonamenti per copertura diretta dei rischi (autoassicurazione)";"27/02/2024";"470281656.74"
"2022";"BA2741";"B.14.A.5) Accantonamenti per franchigia assicurativa";"27/02/2024";"93101177.52"
"2022";"BA2750";"B.14.A.6) Altri accantonamenti per rischi";"27/02/2024";"990294557.58"
"2022";"BA2751";"B.14.A.7) Accantonamenti per interessi di mora";"27/02/2024";"47211604.81"
"2022";"BA2760";"B.14.B) Accantonamenti per premio di operosita' (SUMAI)";"27/02/2024";"63102403.89"
"2022";"BA2770";"B.14.C) Accantonamenti per quote inutilizzate di contributi finalizzati e vincolati";"27/02/2024";"2249822705.07"
"2022";"BA2771";"B.14.C.1) Accantonamenti per quote inutilizzate contributi da Regione e Prov. Aut. per quota F.S. indistinto finalizzato";"27/02/2024";"496221331.12"
"2022";"BA2780";"B.14.C.2) Accantonamenti per quote inutilizzate contributi da Regione e Prov. Aut. per quota F.S. vincolato";"27/02/2024";"697047741.93"
"2022";"BA2790";"B.14.C.3) Accantonamenti per quote inutilizzate contributi da soggetti pubblici (extra fondo) vincolati";"27/02/2024";"707784248.27"
"2022";"BA2800";"B.14.C.4) Accantonamenti per quote inutilizzate contributi da soggetti pubblici per ricerca";"27/02/2024";"163257170.70"
"2022";"BA2810";"B.14.C.5) Accantonamenti per quote inutilizzate contributi vincolati da privati";"27/02/2024";"172748071.35"
"2022";"BA2811";"B.14.C.6) Accantonamenti per quote inutilizzate contributi da soggetti privati per ricerca";"27/02/2024";"12764141.70"
"2022";"BA2820";"B.14.D) Altri accantonamenti";"27/02/2024";"2744996717.88"
"2022";"BA2840";"B.14.D.1) Acc. Rinnovi convenzioni MMG/PLS/MCA";"27/02/2024";"287850114.71"
"2022";"BA2850";"B.14.D.2) Acc. Rinnovi convenzioni Medici Sumai";"27/02/2024";"44910839.42"
"2022";"BA2860";"B.14.D.3) Acc. Rinnovi contratt.: dirigenza medica";"27/02/2024";"447425408.11"
"2022";"BA2870";"B.14.D.4) Acc. Rinnovi contratt.: dirigenza non medica";"27/02/2024";"58338914.72"
"2022";"BA2880";"B.14.D.5) Acc. Rinnovi contratt.: comparto";"27/02/2024";"144667849.50"
"2022";"BA2881";"B.14.D.6) Acc. per Trattamento di fine rapporto dipendenti";"27/02/2024";"57465387.47"
"2022";"BA2882";"B.14.D.7) Acc. per Trattamenti di quiescenza e simili";"27/02/2024";"5133633.87"
"2022";"BA2883";"B.14.D.8) Acc. per Fondi integrativi pensione";"18/10/2023";"237544.00"
"2022";"BA2884";"B.14.D.9) Acc. Incentivi funzioni tecniche art. 113 D.lgs 50/2016";"27/02/2024";"61517080.38"
"2022";"BA2890";"B.14.D.10) Altri accantonamenti";"27/02/2024";"1637449945.70"
"2022";"BZ9999";"Totale costi della produzione (B)";"27/02/2024";"139805276068.70"
"2022";"CA0010";"C.1) Interessi attivi";"27/02/2024";"1937939.94"
"2022";"CA0020";"C.1.A) Interessi attivi su c/tesoreria unica";"27/02/2024";"6735.24"
"2022";"CA0030";"C.1.B) Interessi attivi su c/c postali e bancari";"27/02/2024";"60253.30"
"2022";"CA0040";"C.1.C) Altri interessi attivi";"27/02/2024";"1870951.40"
"2022";"CA0050";"C.2) Altri proventi";"27/02/2024";"15658378.86"
"2022";"CA0060";"C.2.A) Proventi da partecipazioni";"18/12/2023";"15411610.38"
"2022";"CA0070";"C.2.B) Proventi finanziari da crediti iscritti nelle immobilizzazioni";"18/01/2024";"43228.00"
"2022";"CA0080";"C.2.C) Proventi finanziari da titoli iscritti nelle immobilizzazioni";"18/01/2024";"18454.52"
"2022";"CA0090";"C.2.D) Altri proventi finanziari diversi dai precedenti";"27/02/2024";"151237.74"
"2022";"CA0100";"C.2.E) Utili su cambi";"27/02/2024";"33848.22"
"2022";"CA0110";"C.3) Interessi passivi";"27/02/2024";"108155600.37"
"2022";"CA0120";"C.3.A) Interessi passivi su anticipazioni di cassa";"27/02/2024";"6167282.26"
"2022";"CA0130";"C.3.B) Interessi passivi su mutui";"18/01/2024";"36316043.42"
"2022";"CA0140";"C.3.C) Altri interessi passivi";"27/02/2024";"65672274.69"
"2022";"CA0150";"C.4) Altri oneri";"27/02/2024";"54739060.53"
"2022";"CA0160";"C.4.A) Altri oneri finanziari";"27/02/2024";"54671661.22"
"2022";"CA0170";"C.4.B) Perdite su cambi";"27/02/2024";"67399.31"
"2022";"CZ9999";"Totale proventi e oneri finanziari (C)";"27/02/2024";"-145298342.10"
"2022";"DA0010";"D.1) Rivalutazioni";"27/12/2023";"1777904.46"
"2022";"DA0020";"D.2) Svalutazioni";"27/02/2024";"1361241.45"
"2022";"DZ9999";"Totale rettifiche di valore di attivita' finanziarie (D)";"27/02/2024";"416663.01"
"2022";"EA0010";"E.1) Proventi straordinari";"27/02/2024";"3454826068.95"
"2022";"EA0020";"E.1.A) Plusvalenze";"27/02/2024";"1727411.21"
"2022";"EA0030";"E.1.B) Altri proventi straordinari";"27/02/2024";"3453098657.74"
"2022";"EA0040";"E.1.B.1) Proventi da donazioni e liberalita' diverse";"27/02/2024";"20959308.72"
"2022";"EA0050";"E.1.B.2) Sopravvenienze attive";"27/02/2024";"2644278049.59"
"2022";"EA0051";"E.1.B.2.1) Sopravvenienze attive per quote F.S. vincolato";"27/02/2024";"112979970.74"
"2022";"EA0070";"E.1.B.2.3) Sopravvenienze attive v/terzi";"27/02/2024";"2531298078.85"
"2022";"EA0080";"E.1.B.2.3.A) Sopravvenienze attive v/terzi relative alla mobilita' extraregionale";"06/09/2023";"73039.37"
"2022";"EA0090";"E.1.B.2.3.B) Sopravvenienze attive v/terzi relative al personale";"27/02/2024";"181579706.10"
"2022";"EA0100";"E.1.B.2.3.C) Sopravvenienze attive v/terzi relative alle convenzioni con medici di base";"27/02/2024";"3386413.32"
"2022";"EA0110";"E.1.B.2.3.D) Sopravvenienze attive v/terzi relative alle convenzioni per la specialistica";"27/02/2024";"3346612.22"
"2022";"EA0120";"E.1.B.2.3.E) Sopravvenienze attive v/terzi relative all'acquisto prestaz. sanitarie da operatori accreditati";"27/02/2024";"99271377.46"
"2022";"EA0130";"E.1.B.2.3.F) Sopravvenienze attive v/terzi relative all'acquisto di beni e servizi";"27/02/2024";"156527786.70"
"2022";"EA0140";"E.1.B.2.3.G) Altre sopravvenienze attive v/terzi";"27/02/2024";"2087113143.68"
"2022";"EA0150";"E.1.B.3) Insussistenze attive";"27/02/2024";"767773106.87"
"2022";"EA0170";"E.1.B.3.2) Insussistenze attive v/terzi";"27/02/2024";"767773106.87"
"2022";"EA0180";"E.1.B.3.2.A) Insussistenze attive v/terzi relative alla mobilita' extraregionale";"27/02/2024";"6715.25"
"2022";"EA0190";"E.1.B.3.2.B) Insussistenze attive v/terzi relative al personale";"27/02/2024";"85359873.83"
"2022";"EA0200";"E.1.B.3.2.C) Insussistenze attive v/terzi relative alle convenzioni con medici di base";"18/01/2024";"18786664.75"
"2022";"EA0210";"E.1.B.3.2.D) Insussistenze attive v/terzi relative alle convenzioni per la specialistica";"27/02/2024";"8368561.32"
"2022";"EA0220";"E.1.B.3.2.E) Insussistenze attive v/terzi relative all'acquisto prestaz. sanitarie da operatori accreditati";"27/02/2024";"83547139.35"
"2022";"EA0230";"E.1.B.3.2.F) Insussistenze attive v/terzi relative all'acquisto di beni e servizi";"27/02/2024";"202784911.88"
"2022";"EA0240";"E.1.B.3.2.G) Altre insussistenze attive v/terzi";"27/02/2024";"368919240.49"
"2022";"EA0250";"E.1.B.4) Altri proventi straordinari";"27/02/2024";"20088192.56"
"2022";"EA0260";"E.2) Oneri straordinari";"27/02/2024";"1775564524.62"
"2022";"EA0270";"E.2.A) Minusvalenze";"27/02/2024";"9186160.56"
"2022";"EA0280";"E.2.B) Altri oneri straordinari";"27/02/2024";"1766378364.06"
"2022";"EA0290";"E.2.B.1) Oneri tributari da esercizi precedenti";"27/02/2024";"4842907.96"
"2022";"EA0300";"E.2.B.2) Oneri da cause civili ed oneri processuali";"27/02/2024";"22153369.60"
"2022";"EA0310";"E.2.B.3) Sopravvenienze passive";"27/02/2024";"1553239113.85"
"2022";"EA0350";"E.2.B.3.2) Sopravvenienze passive v/terzi";"27/02/2024";"1553239113.85"
"2022";"EA0360";"E.2.B.3.2.A) Sopravvenienze passive v/terzi relative alla mobilita' extraregionale";"27/02/2024";"844052.43"
"2022";"EA0370";"E.2.B.3.2.B) Sopravvenienze passive v/terzi relative al personale";"27/02/2024";"280476907.16"
"2022";"EA0380";"E.2.B.3.2.B.1) Soprav. passive v/terzi relative al personale - dirigenza medica";"27/02/2024";"38104929.88"
"2022";"EA0390";"E.2.B.3.2.B.2) Soprav. passive v/terzi relative al personale - dirigenza non medica";"27/02/2024";"8332962.35"
"2022";"EA0400";"E.2.B.3.2.B.3) Soprav. passive v/terzi relative al personale - comparto";"27/02/2024";"234039014.93"
"2022";"EA0410";"E.2.B.3.2.C) Sopravvenienze passive v/terzi relative alle convenzioni con medici di base";"27/02/2024";"33687244.60"
"2022";"EA0420";"E.2.B.3.2.D) Sopravvenienze passive v/terzi relative alle convenzioni per la specialistica";"27/02/2024";"15584542.33"
"2022";"EA0430";"E.2.B.3.2.E) Sopravvenienze passive v/terzi relative all'acquisto prestaz. sanitarie da operatori accreditati";"27/02/2024";"87222968.05"
"2022";"EA0440";"E.2.B.3.2.F) Sopravvenienze passive v/terzi relative all'acquisto di beni e servizi";"27/02/2024";"287035236.52"
"2022";"EA0450";"E.2.B.3.2.G) Altre sopravvenienze passive v/terzi";"27/02/2024";"848388162.76"
"2022";"EA0460";"E.2.B.4) Insussistenze passive";"27/02/2024";"180706852.03"
"2022";"EA0461";"E.2.B.4.1) Insussistenze passive per quote F.S. vincolato";"27/12/2023";"1057140.52"
"2022";"EA0480";"E.2.B.4.3) Insussistenze passive v/terzi";"27/02/2024";"179649711.51"
"2022";"EA0490";"E.2.B.4.3.A) Insussistenze passive v/terzi relative alla mobilita' extraregionale";"06/09/2023";"2219.70"
"2022";"EA0500";"E.2.B.4.3.B) Insussistenze passive v/terzi relative al personale";"27/02/2024";"35198789.00"
"2022";"EA0510";"E.2.B.4.3.C) Insussistenze passive v/terzi relative alle convenzioni con medici di base";"08/01/2024";"532937.58"
"2022";"EA0520";"E.2.B.4.3.D) Insussistenze passive v/terzi relative alle convenzioni per la specialistica";"27/02/2024";"5756912.40"
"2022";"EA0530";"E.2.B.4.3.E) Insussistenze passive v/terzi relative all'acquisto prestaz. sanitarie da operatori accreditati";"27/02/2024";"10940375.12"
"2022";"EA0540";"E.2.B.4.3.F) Insussistenze passive v/terzi relative all'acquisto di beni e servizi";"27/02/2024";"19690458.73"
"2022";"EA0550";"E.2.B.4.3.G) Altre insussistenze passive v/terzi";"27/02/2024";"107528018.98"
"2022";"EA0560";"E.2.B.5) Altri oneri straordinari";"27/02/2024";"5436120.62"
"2022";"EZ9999";"Totale proventi e oneri straordinari (E)";"27/02/2024";"1679261544.33"
"2022";"XA0000";"Risultato prima delle imposte (A - B +/- C +/- D +/- E)";"27/02/2024";"2538263678.01"
"2022";"YA0010";"Y.1) IRAP";"27/02/2024";"2783161743.73"
"2022";"YA0020";"Y.1.A) IRAP relativa a personale dipendente";"27/02/2024";"2537662446.56"
"2022";"YA0030";"Y.1.B) IRAP relativa a collaboratori e personale assimilato a lavoro dipendente";"27/02/2024";"170289069.34"
"2022";"YA0040";"Y.1.C) IRAP relativa ad attivita' di libera professione (intramoenia)";"27/02/2024";"74547032.95"
"2022";"YA0050";"Y.1.D) IRAP relativa ad attivita' commerciale";"27/02/2024";"663194.88"
"2022";"YA0060";"Y.2) IRES";"27/02/2024";"46532545.87"
"2022";"YA0070";"Y.2.A) IRES su attivita' istituzionale";"27/02/2024";"39956573.54"
"2022";"YA0080";"Y.2.B) IRES su attivita' commerciale";"27/02/2024";"6575972.33"
"2022";"YA0090";"Y.3) Accantonamento a F.do Imposte (Accertamenti, condoni, ecc.)";"27/02/2024";"12405045.52"
"2022";"YZ9999";"Totale imposte e tasse (Y)";"27/02/2024";"2842099335.12"
"2022";"ZZ9999";"RISULTATO DI ESERCIZIO";"27/02/2024";"-303835657.11"
